{
  "package_created": "2025-07-16T10:19:29.392482",
  "package_version": "1.0.4",
  "python_version_required": "3.8+",
  "system_requirements": "Ubuntu 20.04 LTS or newer",
  "deployment_type": "internal_server",
  "ad_integration": "enabled",
  "recent_fixes": [
    "Fixed database path synchronization in migrations",
    "Added table existence checking in migration script",
    "Improved deployment database initialization",
    "Enhanced error handling for fresh deployments",
    "Fixed database schema mismatch for items table",
    "Updated AD configuration to use insecure LDAP (port 389)",
    "Fixed DN pattern duplication bug in AD authentication",
    "Hidden AD user search panel when using simple bind mode",
    "Fixed username display to show clean username instead of email address"
  ],
  "features": [
    "Active Directory integration with simple bind mode",
    "Mock AD for testing and development",
    "User management with local admin permissions",
    "Admin panel with user import/management",
    "Store frontend with shopping cart",
    "Audit logging for security",
    "Automatic deployment with configuration wizard",
    "Database validation and migration tools"
  ],
  "included_tools": [
    "deploy_config.py - Interactive deployment configuration",
    "validate_deployment.py - Deployment validation and testing",
    "migrate_ad_integration.py - AD integration database migration",
    "migrate_items_to_sqlite.py - Item data migration utility",
    "uninstall_nesop_store.sh - Complete application uninstall script"
  ],
  "deployment_steps": [
    "1. Copy package to server",
    "2. Run: python3 deploy_config.py (interactive setup)",
    "3. Run: sudo ./deploy.sh",
    "4. Configure AD settings if needed",
    "5. Test with validate_deployment.py",
    "6. Change default admin password"
  ]
}